glottocode,name,replacement,relation
nilo1235,Nilo-Saharan,nyim1244,
nilo1235,Nilo-Saharan,gule1241,
nilo1235,Nilo-Saharan,kuli1252,
nilo1235,Nilo-Saharan,kuna1268,
nilo1235,Nilo-Saharan,shab1252,
nilo1235,Nilo-Saharan,kadu1256,
nilo1235,Nilo-Saharan,nilo1247,
nilo1235,Nilo-Saharan,nubi1251,
nige1235,Niger-Congo,rash1248,
nige1235,Niger-Congo,dogo1298,
nige1235,Niger-Congo,narr1279,
nige1235,Niger-Congo,mand1430,
nige1235,Niger-Congo,atla1268,
nige1235,Niger-Congo,ijoi1239,
tork1235,Tor-Kwerba,mawe1251,
tork1235,Tor-Kwerba,toro1254,
alta1235,Altaic,mong1329,
alta1235,Altaic,tung1282,
alta1235,Altaic,turk1302,
maku1235,Maku,kaku1242,
grea1235,Greater Sepik,papi1255,
grea1235,Greater Sepik,wali1264,
grea1235,Greater Sepik,nduu1242,
grea1235,Greater Sepik,yera1243,
tran1235,Trans-New Guinea,tura1263,
tran1235,Trans-New Guinea,elem1255,
tran1235,Trans-New Guinea,poro1255,
tran1235,Trans-New Guinea,goil1242,
tran1235,Trans-New Guinea,awin1249,
tran1235,Trans-New Guinea,duna1247,
tran1235,Trans-New Guinea,inla1262,
tran1235,Trans-New Guinea,daga1274,
tran1235,Trans-New Guinea,kaya1328,
tran1235,Trans-New Guinea,pawa1255,
tran1235,Trans-New Guinea,tiri1259,
tran1235,Trans-New Guinea,east2433,
tran1235,Trans-New Guinea,demm1245,
tran1235,Trans-New Guinea,momb1255,
tran1235,Trans-New Guinea,kiwa1251,
tran1235,Trans-New Guinea,tebe1251,
tran1235,Trans-New Guinea,kond1302,
tran1235,Trans-New Guinea,suki1244,
tran1235,Trans-New Guinea,yare1247,
tran1235,Trans-New Guinea,anga1289,
tran1235,Trans-New Guinea,mail1247,
macr1235,Macro-Ge,otii1244,
macr1235,Macro-Ge,boro1281,
macr1235,Macro-Ge,maxa1247,
macr1235,Macro-Ge,jeja1235,
macr1235,Macro-Ge,puri1262,
aust1235,Australian,nort1547,
aust1235,Australian,iwai1243,
aust1235,Australian,umbu1255,
aust1235,Australian,east2374,
aust1235,Australian,buna1274,
aust1235,Australian,mirn1241,
aust1235,Australian,gunw1250,
aust1235,Australian,mink1236,
aust1235,Australian,worr1235,
aust1235,Australian,sout2772,
aust1235,Australian,west2434,
torr1235,Torricelli,monu1249,
west1235,West Papuan,nort2923,
medi1249,Mediak,nand1266,
asia1265,Asian Portuguese Creoles,macr1272,
port1284,Portuguese Atlantic Creoles,macr1272,
kruu1241,Kru,krua1234,
bami1238,Bamileke,bami1239,
bole1262,Bole,bole1261,
mang1380,Mangarrayi-Maran,mang1423,
guer1239,Guere-Krahn,guer1244,
futu1244,Futunic,nucl1485,
gimo1235,Gimojan,gong1255,
nort2826,North and East Malayo-Sumbawan,nort3170,
cora1258,Corachol-Aztecan,azte1234,
fris1238,Frisian,fris1239,
nucl1647,Nuclear Apachean,apac1239,
sora1252,Sora-Juray-Gorum,sora1255,
sout2855,Southern Malaita,sout3198,
west2507,West Dogon,west2779,
mund1318,Mundaric,mund1336,
male1288,Malekula Coastal,mala1539,
kamu1259,Kamuku,kamu1262,
buka1256,Buka (Austronesian),buka1262,
cent1969,Central German,high1287,
turk1302,Turkic,comm1245,
chin1285,Chinookan,chin1490,
buru1302,Buru (Central Maluku),buru1322,
sian1256,Siane-Yaweyuha,goro1272,
pama1248,Pama-Nyungan,pama1250,
ngan1303,Ngando (C.10),liko1251,
nort2766,Northern Atlantic,nort3146,
dyir1249,Dyirbalic,herb1234,
seng1276,Senga-Sena (N.40),east2731,
raja1237,Rajasthani,raja1256,
asha1240,Asha-Ashe-Kak-Matsi-Nan,asha1244,
kain1266,Kainji,cent2242,
nucl1326,Nuclear Hmongic,nucl1720,
nort2736,Northern Daic,nort3180,
male1286,Malekula Interior,mala1539,
omet1235,Ometo-Gimira,omet1238,
sout2646,Southwestern-Persian Iranian,fars1255,
nucl1315,Nuclear Choic,choi1241,
reja1242,Rejang-Sajau,reja1243,
inla1263,Inland Northern Maipuran,inla1264,
mbam1250,Mbam-Nkam Nun,mbam1253,
otom1296,Otomanguean,otom1299,
sans1270,Sansi-Kabutra,indo1321,
mala1477,Malayo-Sumbawan,nort3170,
sapa1249,Sapa-Southwestern Tai,sout3184,
bium1267,Biu-Mandara A,bium1280,
chap1267,Chapacuran,chap1271,
luba1248,Luba (L.30),luba1253,
east2475,East Ramelaic,cent2245,
nort2793,Northwestern Edoid,nort3183,
mada1287,Madang-Adelbert Range,mada1298,
uncl1431,Unclassified Loloish,nili1234,
nort2835,Northeast Vanuatu-Banks Islands,nort3195,
narr1264,Narrow Bantu P,east2731,
bium1276,Biu-Mandara A A.3,higi1241,
paci1276,Pacific French Creole,reun1239,
halb1243,Halbi-Bhatri,halb1246,
uncl1439,Unclassified Southern Bantoid,sout3152,
taki1250,Takic,cali1246,
east2511,East New Guinea Highlands,nucl1709,
sout2748,Southwestern Kra,sout3143,
arti1235,Artificial Language,arti1236,
phil1245,Philippine,mala1535,
marq1245,Marquesan,nucl1751,
west2623,Western Nahuatl,azte1234,
kuki1243,Kuki-Chin-Naga,kuki1245,
angl1261,Anglian,angl1265,
east2393,Eastern Oti-Volta,otiv1240,
nort3094,Northwestern Aramaic,cent2217,
yamb1253,Yambasa (A.60),yamb1256,
sout2768,Southern Yolngu,sout3142,
more1260,More-Tora,chap1271,
sepi1253,Sepik,sepi1257,
bium1266,Biu-Mandara,bium1280,
algi1243,Algic,algo1256,
kali1301,Kalinga-Itneg,kali1310,
jose1244,Josephstaal-Wanang,sout3148,
cent1962,Central-Southern Italo-Romance,roma1334,
gunw1251,Gunwinggic,marn1242,
hmon1329,Hmong-Mien,hmon1336,
sout2706,South Dravidian,sout3133,
sout2726,Southern Burmish,sout3159,
libi1243,Libinza Ngiri,libi1252,
nort2685,North Bahnaric,nort3150,
afro1252,Afro-Asiatic,afro1255,
east2543,Eastern Algonquian,east2700,
akuk1239,Akuku-Oloma,sout3171,
sani1268,Sani-Axi,sani1275,
uncl1437,Unclassified Central Narrow Bantu,narr1281,
deaf1235,Deaf Sign Language,sign1236,
narr1261,Narrow Bantu S,east2731,
muru1270,Murutic,sout3154,
choi1239,Choic,choi1241,
sout2742,Southwestern Tai,sout3184,
tusc1255,Tuscan,roma1334,
tend1238,Tenda,tend1239,
mose1240,Moselle Franconian,high1287,
tigr1269,Tigre-Dahalik,tigr1277,
meid1235,Meidob-Kordofan,west2781,
nort2854,Northern Nuclear Bel,nucl1510,
ital1281,Italo-Romance,roma1334,
maka1314,Makasai-Alor-Pantar,alor1249,
kaur1270,Kaure-Narau-Kosare,kaur1272,
nile1237,Nile Nubian,nubi1251,
bisa1267,Bisaya,bisa1269,
atla1277,Atlantic French Creole,circ1240,
tagw1239,Tagwana-Djimini,sout3153,
uygh1239,Uyghur,uygh1240,
sout1538,Southeastern Tati,nort3177,
tatt1242,Tat,west2794,
leko1245,Leko-Nimbari,samb1322,
kewa1248,Kewa,kewa1250,
chap1268,Chapakyra-y,wari1269,
kamb1296,Kambari,kamb1317,
maim1250,Maimai,nucl1708,
dutc1255,Dutch Low Saxon,lows1234,
ripu1235,Ripuarian,high1287,
sini1241,Sinitic,sini1244,
sout2970,Southern Uto-Aztecan,sout3136,
sout2600,South Slavic,sout3147,
koto1262,Kotoko,nort3156,
east2298,Eastern Franconian,high1287,
yaka1268,Yaka (H.30),cent2260,
yuku1242,Yukuben-Kuteb,benu1247,
subg1242,Subgroup IV,tupi1279,
nort3143,Northeastern Caribbean,gull1243,
timo1256,Timor,cent2245,
nucl1589,Nuclear Torricelli,nucl1708,
ngba1283,Ngbakaic,ngba1292,
wail1243,Wailic,sout3189,
hala1251,Halang-Kayong,jehh1244,
oldk1251,Old Kuki,oldk1252,
acha1248,Achang-Xiandao,high1273,
torr1260,Tor,tora1268,
tivo1238,Tivoid,tivo1239,
dard1241,Dardic,indo1324,
kali1302,Kalinga,kali1311,
nort2834,North and Central Vanuatu,nort3195,
cent2115,Central and Western,nucl1709,
kama1368,Kamano-Yagaria,kama1374,
hani1247,Hanic,hani1250,
cent2023,Central Gur,cent2243,
piho1245,Pihom,mada1298,
east2512,Eastern East New Guinea Highlands,kain1274,
tafr1238,Tafresh,sout3177,
cana1266,Canaanite,cana1267,
nort2879,Northeastern Luzon,nort3187,
cent1380,Central Loloish,lolo1266,
idom1258,Idoma-Yala,etul1244,
fore1269,Fore-Gimi,goro1272,
baga1269,Baga,atla1278,
uncl1427,Unclassified Indo-Aryan,uncl1467,
mala1461,Malayalamic,tami1295,
east2436,East Indonesian,east2743,
bodi1250,Bodish,bodi1255,
east2274,Eastern Catalan,sout3183,
viti1242,Vitiaz,viti1243,
sout2802,Southwestern Benue-Congo Plateau B,alum1249,
motu1238,Motu based pidgin,pidg1250,
lama1272,Lamamic,lama1291,
ghot1242,Ghotuic,nort3182,
piho1244,Pihom-Isumrud-Mugil,mada1298,
cent2014,Central Iwaidjic,cent2228,
pers1246,Persian,fars1255,
narr1276,Narrow Bantu B,narr1281,
east2634,East Chadic B B.3,east2633,
indo1312,Indo-Aryan Central zone,indo1322,
lowg1238,Low German,west2793,
kher1244,Kherwari,mund1336,
nort3095,Northeastern Aramaic,cent2217,
sout2847,Southeast Borneo Malay,sout3190,
pidg1238,Pidgin,pidg1250,
cent2031,Central Narrow Bantu,narr1281,
germ1244,German,west2793,
west2713,West Chadic B B.3,west2800,
haus1237,Hausa based pidgin,pidg1250,
nort2788,Northern Benue-Congo Plateau,nort3169,
sout2861,Southern New Caledonian,sout3189,
papu1252,Papuan Tip,papu1253,
narr1260,Narrow Bantu,narr1281,
hkon1235,H-Kongo (H.10),core1256,
sion1246,Siona-Secoya,sion1248,
nucl1543,Nuclear Cordilleran,nucl1745,
narr1274,Narrow Bantu C,narr1281,
balt1256,Baltic,balt1263,
engl1244,English based pidgin,pidg1250,
prea1239,Pre-Andine,prea1240,
wape1246,Wapei-Palei,wape1248,
dusu1274,Dusun,sout3154,
sono1244,Sonoran,uncl1458,
kele1256,Kele (B.20),narr1281,
wide1238,Wide Grassfields,narr1282,
west2762,Western Aramaic,west2815,
cend1237,Cenderawasih Bay,sout2850,
algo1254,Algonquian,algo1256,
cent2038,Center Ring,cent2275,
cent2085,Central Philippine,cent2246,
east2301,East Middle German,high1287,
west2521,Western Oceanic,west2818,
egyp1252,Egypto-Sudanic Arabic,egyp1254,
mayo1268,Mayoruna Branch,mayo1277,
bium1272,Biu-Mandara A A.5,bium1280,
east2559,Eastern Tucanoan,east2698,
nunu1250,Nunusaku,nunu1252,
bisa1266,Bisayan,bisa1268,
naga1396,Naga,naga1409,
adel1245,Adelbert Range,nucl1709,
asil1241,Asiluluic,piru1243,
kart1246,Kartu,kart1250,
west2470,Western Kainji,kain1275,
gogo1262,Gogo (G.10),ruvu1235,
xara1242,Xaracuu-Xaragure,sout3189,
soma1254,Somalic,soma1256,
pala1349,Palawanic,pala1354,
uncl1281,Unclassified Western Hindi,uncl1475,
song1302,Songye (L.20),cent2260,
meso1243,Meso Melanesian,meso1253,
fars1253,Fars,sout3157,
araw1275,Arawakan,araw1281,
sout2769,Southern-Eastern Yolngu,sout3149,
suga1247,Nizaa-Vute,niza1234,
lega1248,Lega,lega1253,
pano1252,Panoan,pano1256,
guto1243,Gutob-Remo-Geta',sout3137,
guar1291,Guarani I,tupi1277,
sera1264,Seram Straits,sera1270,
noth1239,Nothern Yolngu,yuul1239,
west2468,Western Benue-Congo Plateau,west2801,
teke1273,Teke (B.70),teke1283,
jera1239,Jera,nort3210,
macr1264,Macro-Dutch,wese1235,
burm1260,Burmish,burm1266,
nort2609,Northern Italo-Romance,gall1279,
mani1296,Maninka-Mori,mani1303,
iwai1243,Iwaidjan Proper,iwai1245,
grus1238,Grusi,grus1239,
norm1246,Norman Pama,norm1247,
aust1303,Austronesian,mala1535,
lavo1240,Lavongai-Nalik,newi1241,
holu1244,Holu (K.10),holu1246,
uban1242,Ubangi,uban1244,
tami1286,Tamil-Toda,tami1293,
uncl1442,Unclassied Lower Ramu,lowe1437,
wara1298,Warayan,wara1304,
sham1279,Shambala (G.20),nort3209,
east2647,East Chadic A A.2 1,east2645,
bium1277,Biu-Mandara B,bium1280,
kora1293,Korap,kora1297,
bium1278,Biu-Mandara B B.1,bium1280,
yanz1242,Yanzi (B.80),yanz1243,
mara1403,Maranao-Iranon,dana1253,
cent2216,Central Semitic,cent2236,
sene1262,Senegambian,nort3148,
samo1300,Samogo-Soninke,nucl1721,
gizi1242,Giziga,maro1246,
atla1269,Atlantic,atla1278,
worr1235,Worrorran,worr1236,
jola1260,Jola,nucl1345,
sout2685,South Munda,sout3137,
east2319,East Indo-Aryan Central zone,subc1234,
yupn1241,Yupna,yupn1242,
sawa1250,Sawai-Nuaulu,nunu1252,
tara1320,Taracahitic,sout3136,
rame1239,Ramelaic,cent2245,
daga1270,Dagaari-Birifor,daga1276,
telu1261,Telugoid,telu1265,
arab1289,Arabian,arab1395,
adam1255,Adamawa-Ubangi,adam1258,
atla1276,Atlantic creole languages,guin1259,
engl1285,English-lexified creole languages,guin1259,
bima1246,Bima-Sumba,flor1240,
comm1244,Common Turkic,comm1245,
merc1241,Mercian,merc1242,
nucl1697,Nuclear Angas,west2717,
ngom1267,Ngombe (C.50),narr1281,
komb1270,Kombio-Arapesh,nucl1708,
umir1235,Umiray Dumaget,cent2246,
nucl1400,Nuclear Lusengo,ngir1248,
narr1269,Narrow Bantu L,narr1281,
gahu1245,Gahuku-Benabena,goro1272,
jehi1235,Jehic,jehh1244,
dibi1239,Dibiyaso-Doso-Turumsa,doso1238,
narr1267,Narrow Bantu M,east2731,
mbul1257,Mbulungish-Nalu,atla1278,
uncl1432,Unclassified Daic,daic1237,
bube1241,Bube-Benga (A.30),narr1281,
tulu1257,Tulu-Bellari,tulu1262,
mote1236,Motembo-Kunda-Buja,ngir1248,
west2444,Western (Nyulnyulan),west2782,
greb1255,Grebo,greb1257,
wana1270,Wanang,soge1234,
nort2988,Northern Eastern Tucanoan,east2702,
bara1379,Bara (Tucanoan),east2702,
tulu1256,Tulu-Koraga,tulu1261,
ngun1269,Ngundi (C.20),liko1251,
raja1249,Rajasthani-Unclassified,subc1234,
emil1240,Emiliano-Romagnolo,gall1279,
juku1251,Jukunoid,juku1257,
suau1241,Suauic,suau1243,
nort2764,Northern Bullom,nort3167,
bemb1254,Bembe (D.50),bemb1260,
maxi1235,Maxi-Fon,east2711,
mamb1302,Mambila,mamb1312,
raja1251,Rajasthani-Marwari,raja1256,
waru1268,Warup,waru1269,
jeja1235,Je-Jabuti,nucl1710,
nucl1325,Nuclear Hmongic-Ho Ne,nucl1720,
aram1258,Aramaic,aram1259,
iria1238,Irian Highlands,nucl1709,
east2377,Eastern Maric,east2716,
kwav1235,Kwa Volta-Congo,kwav1236,
brah1258,Brahman,nucl1709,
jola1261,Jola Central,nucl1345,
east2692,Eastern Caribbean,east2759,
sout2889,Southeast Maluku,cent2245,
duru1248,Duru,duru1251,
mail1247,Mailuan,mail1249,
uncl1426,Unclassified Rajasthani,subc1234,
kong1287,Kongo (H.10),cent2260,
west1475,West Germanic,west2793,
rash1247,Rashad,rash1249,
keni1247,Keninjal-Kendayan,west2821,
cent2071,Central Malayo-Polynesian,cent2245,
lahu1251,Lahuic,laho1234,
yaop1238,Yao (P.20),ruvu1234,
west2410,West Bodish,west2796,
nort2841,North Northern New Caledonian,nort3211,
narr1265,Narrow Bantu D,narr1281,
west2367,Western Iranian,west2794,
comp1235,Compromise Middle Pama,comp1236,
ajaa1245,Aja,gbee1241,
wema1241,Wemale,thre1238,
akun1240,Akuntsu-Mekens,akun1243,
nucl1317,Nuclear Bodo,nucl1725,
thar1279,Tharu (Bihari),thar1284,
east2635,East Chadic B B.1,east2633,
grea1272,Greater Maric,guwa1245,
nort2800,Northwest Narrow Bantu,narr1281,
uncl1440,Unclassified Narrow Grassfields,uncl1480,
ital1280,Italic,roma1334,
kili1265,Kilivila-Louisiades,peri1258,
hima1246,Himalayish,maha1306,
port1282,Portuguese-Galician,macr1272,
west2517,West Fijian-Rotuman,cent2060,
saka1281,Saka (Eastern Iranian),east2704,
cent2239,Central-East Bodish,cent2294,classification update
okie1246,Okiek-Mosiro,okie1247,classification update
nort2817,North Omotic,gong1255,classification update
shek1246,Sheko-Nayi,dizo1235,classification update
haon1235,Haoni-Baihong,hani1250,classification update
elgo1239,Elgon,kale1246,classification update
taji1249,Tajikic,taji1250,classification update
ngad1262,Ngada-Lio-Paluqe,ngad1265,classification update
soge1234,Sogeram,soge1235,classification update
tair1259,Tairora,tair1260,classification update
nili1234,Ni-Li-Kazhouish,nili1235,classification update
nucl1711,Nuclear Austronesian,mala1545,classification update
mehr1240,Mehric,mode1252,classification update
nand1267,Nandi-Markweta,kale1246,classification update
moro1294,Morom-Jaya-Naba,moro1296,classification update
bagi1247,Bagirmic,bagi1248,classification update
core1253,Core Zpotec,core1259,classification update
sian1253,Siangic,koro1317,classification update
casi1236,Casiguranic,mala1545,classification update
nyas1243,Nyasa-Nyanja,east2731,classification update
cent2281,Central Shona,shon1250,classification update
soni1256,Soninke-Bobo,samo1308,classification update
dibo1248,Dibo-Kami-Gupa,nupe1258,classification update
reun1239,Reunion-Tayo French,macr1273,classification update
kuku1278,Kuku (Australian),comp1236,classification update
sout3167,Southeast Awyu,awyu1264,classification update
katu1275,Katukina,katu1274,classification update
wape1248,Wapei-Palei,nucl1708,classification update
pala1353,Palai,nucl1708,classification update
west2796,West Bodish,oldm1245,classification update
bara1400,Baramu-Were,nucl1713,classification update
cent2294,Central-East Bodish,bodi1257,classification update
nort3053,Northern Berber,berb1260,classification update
mana1297,Manambu-Sengo,nucl1642,classification update
uncl1463,Unclassified Kombio-Yambes,nucl1708,classification update
cent2256,Central and West Awyu,awyu1264,classification update
ghad1238,Ghadames-Awjila,berb1260,classification update
uncl1472,Unclassified Loloish,book1242,classification update
suku1273,Sukur-Matakam-Daba,sout3145,classification update
mara1415,Mara-Warndarang,mara1414,classification update
taim1253,Tai Meneic,taim1254,classification update
pata1264,Patani-Gebe,sout3231,classification update
chiq1251,Chiquitano,book1242,classification update
oith1238,Oi-The,nucl1299,classification update
mayb1236,Maybrat,book1242,classification update
supp1238,Suppire-Mamara,nort3254,classification update
turk1305,Turkish,nucl1762,classification update
uncl1481,Unclassified Lipo-Lolopo,book1242,classification update
nucl1700,Nuclear Lowland East Cushitic,main1283,classification update
deaf1236,Deaf Sign Language,book1242,classification update
kodi1250,Kodi-Laura,sumb1243,classification update
nucl1731,Nuclear Western Tani,suba1255,classification update
nort2892,North Bornean Malayo-Polynesian,nort3253,classification update
iber1251,Iberian-Romani,book1242,classification update
east2642,East Chadic A A.1,east2775,classification update
cent2083,Central Bontoc,cent2292,
gher1239,Ghera-Gurgula,gher1240,
foia1235,Foiafoian,hoya1236,classification update
sout3172,South Aru,aruu1241,classification update
bani1256,Baniva-Yavitero,nort2990,classification update
bani1257,Baniwaic,nort2990,classification update
kior1240,Kiorr-Kon,west2791,classification update
zund1234,Zunda,ngun1267,classification update
nucl1751,Nuclear Marquesic,cent2062,classification update
tahi1241,Tahitic,cent2062,classification update
eton1257,Eton-Mengisa,yaun1239,classification update
toba1281,Tobagonian Creole English,toba1282,duplicate
turk1309,Turks and Caicos Creole English,turk1310,duplicate
krio1247,Krio,krio1253,duplicate
limb1264,Limburgish (Macro-Dutch),limb1263,duplicate
puri1260,Puri,puri1261,classification update
itut1234,Itutang-Midsivindi-Akrukai,tamo1242,classification update
kerm1246,Kermanic,nort3177,classification update
mans1268,Mansoanka-Fore-Mboteni,atla1278,classification update
nucl1345,Nuclear Jola,bakk1238,classification update
chao1241,Chaochow,minn1241,classification update
duru1251,Duru,samb1323,classification update
sout3156,Southeastern Iranian,iran1269,classification update
jiar1239,Gyalrong,book1242,classification update
ngum1252,Ngumbin,ngum1251,classification update
oecu1234,Oe-Cusse,west2545,classification update
tush1242,Tushan Names,book1242,classification update
mala1543,Malayo-Portuguese Creole,macr1272,classification update
nucl1741,Nuclear Kongo-Yaka-Suku-Hungan,kong1295,classification update
atti1238,Attic,gree1276,classification update
atat1237,Ata-Tigwa,east2742,classification update
uncl1443,Unclassified Chocoan,choc1280,classification update
uncl1448,Unclassified Tucanoan,tuca1253,classification update
kami1261,Kami-Kupa-Gupa-Kakanda,nupe1252,classification update
uncl1474,Unclassified North-Central Edoid,nort3182,classification update
ural1275,Uralic (Unclassifiable),uncl1493,classification update
mwik1239,Mwika-Nyika,corr1234,classification update
gban1263,Gbanzili-Ngbaka,west2836,classification update
iroq1248,Iroquoian (Unclassifiable),uncl1493,classification update
uncl1464,Unclassified Greater Maric,grea1282,classification update
uncl1467,Unclassified Indo-Aryan,indo1321,classification update
uncl1460,Unclassified Sino-Tibetan,sino1245,classification update
kowa1246,Unclassified Madang,mada1298,classification update
monz1252,Monzombo-Baka,west2836,classification update
nupe1257,Nupe-Asu,nupe1252,classification update
bass1264,Bassaric,bass1263,classification update
uncl1480,Unclassified Narrow Grassfields,narr1282,classification update
uncl1484,Unclassified Core Kikongo,core1256,classification update
voko1241,Voko-Dowayo,samb1323,classification update
uusi1238,Uusimaa Swedish,swed1254,classification update
vere1248,Vere-Dowayo,samb1323,classification update
uncl1496,Unclassified Tamolan,tamo1242,classification update
semn1240,Semnanic,nort3177,classification update
tara1322,Tarahumara,tara1321,classification update
yiry1247,Yir-Yoront,coas1313,classification update
sund1254,Sundi-Kamba,core1256,classification update
west2794,Western Iranian,iran1269,classification update
nilo1235,Nilo-Saharan,birr1240,
nilo1235,Nilo-Saharan,surm1244,
nilo1235,Nilo-Saharan,tama1332,
nilo1235,Nilo-Saharan,nara1262,
nilo1235,Nilo-Saharan,kres1240,
nilo1235,Nilo-Saharan,gumu1244,
nilo1235,Nilo-Saharan,daju1249,
nilo1235,Nilo-Saharan,fura1235,
nilo1235,Nilo-Saharan,cent2042,
nilo1235,Nilo-Saharan,saha1256,
nilo1235,Nilo-Saharan,bert1248,
nilo1235,Nilo-Saharan,song1307,
nilo1235,Nilo-Saharan,east2386,
nilo1235,Nilo-Saharan,teme1251,
nilo1235,Nilo-Saharan,koma1264,
nilo1235,Nilo-Saharan,maba1274,
nige1235,Niger-Congo,katl1246,
nige1235,Niger-Congo,heib1243,
tork1235,Tor-Kwerba,kwer1262,
tork1235,Tor-Kwerba,saus1247,
maku1235,Maku,nada1235,
grea1235,Greater Sepik,sepi1253,
grea1235,Greater Sepik,biks1244,
tran1235,Trans-New Guinea,west2575,
tran1235,Trans-New Guinea,kolo1268,
tran1235,Trans-New Guinea,east2499,
tran1235,Trans-New Guinea,kamu1260,
tran1235,Trans-New Guinea,fasu1242,
tran1235,Trans-New Guinea,manu1261,
tran1235,Trans-New Guinea,koia1260,
tran1235,Trans-New Guinea,mari1437,
tran1235,Trans-New Guinea,west2604,
tran1235,Trans-New Guinea,inan1242,
tran1235,Trans-New Guinea,east2519,
tran1235,Trans-New Guinea,kwal1257,
tran1235,Trans-New Guinea,kaki1249,
tran1235,Trans-New Guinea,dibi1239,
tran1235,Trans-New Guinea,bosa1245,
tran1235,Trans-New Guinea,tana1288,
macr1235,Macro-Ge,chiq1248,
macr1235,Macro-Ge,fuln1247,
macr1235,Macro-Ge,kara1500,
macr1235,Macro-Ge,rikb1245,
macr1235,Macro-Ge,guat1253,
macr1235,Macro-Ge,aimo1246,
macr1235,Macro-Ge,kama1371,
aust1235,Australian,mani1293,
aust1235,Australian,nyul1245,
aust1235,Australian,mang1380,
aust1235,Australian,jarr1235,
aust1235,Australian,pama1248,
aust1235,Australian,marr1257,
aust1235,Australian,limi1242,
aust1235,Australian,giim1238,
aust1235,Australian,kung1259,
aust1235,Australian,anin1240,
aust1235,Australian,tiwi1244,
aust1235,Australian,yang1287,
torr1235,Torricelli,urim1252,
torr1235,Torricelli,nucl1589,
west1235,West Papuan,yawa1259,
tama1325,Tamangic,tama1367,
east2427,Eastern Mande,east2697,
sout2911,South Bisayan,sout3175,
boli1258,Bolivian Nawa,boli1261,
tido1246,Tidongic,tido1249,
kuli1253,Kulisusuic,east2490,
west2377,Western Hindi,west2812,
tano1244,Tano,tano1248,
holl1235,Hollandic,mode1257,
east2638,East Chadic B B.1 2,east2709,
cent2026,Central Jukunoid,cent2241,
mumu1247,Mumuye-Yandang,mumu1249,
taba1260,Tabar,taba1270,
nort2878,Northern Cordilleran,nort3173,
alor1248,Aloric,alor1250,
hoam1237,Hoamoal,hoam1238,
sant1409,Santalic,sant1457,
oaxa1240,Oaxaca Mixe,oaxa1241,
konj1248,Konja,konj1252,
kart1244,Kartvelian,kart1248,
nyaw1246,Nyawaygic,nyaw1248,
indo1314,Indo-Aryan Southern zone,indo1325,
badi1249,Badic,ngiz1243,
sout2791,Southeast Western Oti-Volta,sout3205,
fini1243,Finisterre-Saruwaged,fini1245,
mull1245,Muller-Schwaner 'Punan',mull1246,
sout2767,Southwest Pama,sout3141,
kaug1241,Kaugel,hage1248,
marn1241,Marngu,marr1265,
bryt1238,Brythonic,bryt1239,
bahn1260,Bahnaric,bahn1264,
sout3007,Southern Maipuran,sout3131,
cent2042,Central Sudanic,cent2225,
subg1265,Subgroup II,tupi1278,
guan1267,Guang,guan1278,
theb1236,Thebor,theb1237,
indo1308,Indo-Iranian,indo1320,
nort2809,Northern Bantoid,nort3168,
chag1249,Chaga,chag1250,
dayi1245,Dayic,kela1257,
akan1249,Akanic,akan1251,
west2426,Western Kra,west2798,
cent2054,Central-Eastern Malayo-Polynesian,cent2237,
cent1997,Central Dravidan,cent2227,
gaud1235,Gauda-Banga,gaud1238,
sbbo1236,SBB Occidental,nucl1719,
koro1300,Kororofa,juku1259,
germ1286,Germanic,germ1287,
cent1379,Central-East Bodish,cent2239,
nort2852,North New Guinea,nort3206,
tami1288,Tamiloid,tami1296,
dusu1273,Dusunic,dusu1277,
anat1246,Anatolian,anat1257,
tami1285,Tamil-Kota,tami1292,
nwab1238,Nwa-Ben,nwab1239,
masa1297,Masaba-Luyia (J.30),grea1291,
ulia1237,Uliase,ulia1238,
cent2059,Central Northern New Caledonian,newc1243,
araw1270,Arawe,araw1283,
nger1239,Ngero-Vitiaz,nger1241,
rhin1243,Rhine Franconian,fran1268,
mixt1424,Mixtec,mixt1427,
engl1280,English,macr1271,
momo1241,Momo,momo1242,
cent2019,Central Tano,cent2262,
naqi1235,Na-Qiangic,naqi1236,
loba1238,Lobala-Iboko,ngir1253,
namb1297,Nambiquaran,namb1299,
guru1270,Guruntum,guru1272,
swah1252,Swahili (G.40),swah1254,
choi1240,Choiseul,choi1242,
tupi1270,Tupian,tupi1275,
tong1317,Tonga Lenje-Tonga (M.60),lenj1247,
sout2710,South Dravidian II,sout3139,
kamt1235,Kam-Tai,kamt1241,
idom1257,Idomoid,idom1262,
suma1271,Sumalpan,suma1272,
chol1279,Cholan-Tzeltalan,chol1286,
shih1238,Shi-Havu (J.50),west2842,
east2451,East New Georgia,east2761,
sout2777,Southern Bullom,bull1246,
balk1238,Balkan Romance,macr1262,
quec1261,Quechua II,quec1388,
saba1266,Sabahan,nort2892,
meru1244,Meruic,cent2274,
cent2086,Central Bisayan,cent2263,
kumi1247,Kumilan,kumi1249,
iber1249,Ibero-Romance,west2838,
sena1261,Senari,senu1239,
mixe1282,Mixe,mixe1286,
nort2865,Northwest Seram,nort3221,
okie1244,Okiek-Mosiro,okie1246,
chad1247,Chadic,chad1250,
nort2453,Northern Iroquoian,nort2947,
nort2637,North Germanic,nort3160,
kala1395,Kalamic,kala1403,
west2431,West Hmongic,west2803,
kurd1242,Kurdish Iranian,kurd1259,
boli1257,Bolivian Quechua IIC,boli1262,
mara1377,Marathic,mara1416,
peri1255,Peripheral Kuki-Chin,peri1260,
ferg1236,Fer-Gula-Koto,ferg1237,
miya1256,Miyan,waka1283,
seda1261,Sedang-Todrah,hres1236,
karn1251,Karnic,karn1253,
pami1246,Pamir,sout3156,
sayh1235,Sayhadic,sayh1236,
uncl1438,Unclassified Narrow Bantu,lega1252,
wahg1250,Wahgi,wahg1249,
hani1238,Hani-Akha,haya1251,
east2448,East Uvean-Niuafo'ou,east2758,
itne1251,Itneg,itne1252,
uncl1441,Unclassified Bantoid,bant1294,
ibal1243,Ibaloy,nucl1542,
bhil1250,Bhil,bhil1254,
loho1237,Lohorung,loho1238,
boba1245,Bobangic Riverain,boba1249,
angl1259,Anglo-Frisian,angl1264,
nisu1236,Nisu,nisu1238,
narr1266,Narrow Bantu R,here1254,
west2708,West Chadic,west2785,
baus1238,Baushi-Gurmana,shir1275,
kank1242,Kankanay,kank1245,
east2471,East Extra-Ramelaic,timo1259,
mong1341,Mongondowic,mong1346,
nucl1681,Nuclear Mandara,mand1472,
boli1259,Bolivia-Parana,boli1260,
west2553,West Bisayan,west2820,
sina1265,Sinagoro-Keapara,sina1272,
west2589,Western Huon,west2795,
nort2874,Northern Luzon,nort3159,
masa1298,Masaba-Luyia (J.30)-Luyia,grea1291,
caga1235,Cagayan Valley,iban1268,
east2510,Eastern Huon,east2705,
nort3093,Northwest Semitic,nort3165,
gurm1245,Gurma,gurm1249,
hind1268,Hindustani,hind1270,
mbam1251,Mbam,mbam1252,
geor1251,Georgian,geor1253,
high1269,Highest Alemannic,alem1243,
mela1254,Melanau-Kajang,mela1258,
iwam1255,Iwamic,iwam1260,
burm1261,Burmese,nucl1730,
west2464,Western Grusi,west2837,
born1253,Borneo Malay,born1255,
kaya1321,Kayan-Kenyah,kaya1332,
west2568,Western Munic,west2847,
guwa1240,Guwa-Maric,mari1445,
sara1316,Sara-Bongo-Bagirmi,sara1341,
kira1247,Kiranti,kira1253,
cent2107,Central Sepik Hill,cent2234,
sard1255,Sardinian,sard1257,
sout2720,Southeastern Ngwi,sout3169,
bagi1245,Bagirmic,bagi1247,
masa1321,Masa,masa1323,
lezg1246,Lezgic,lezg1248,
tani1254,Tani,tani1259,
sout2860,South East Santo,east2754,
east2435,East Borneo Malay,east2755,
mand1430,Mande,mand1469,
cont1244,Continental Celtic,celt1248,
nort2893,North Sarawakan,nort3171,
otom1298,Otomi,otom1300,
utoa1243,Uto-Aztecan,utoa1244,
mala1478,Malayic,mala1538,
sbbo1235,SBB Occidental-Yulu,nucl1719,
ngir1242,Ngiri Riverain,ngir1249,
lisu1249,Lisuic,liso1234,
sula1244,Sula-Taliabo,buru1321,
lund1270,Lundu-Balong (A.10),lund1274,
grea1274,Greater Barito,grea1283,
beta1251,Betawic,beta1260,
nort2876,North Central Cordilleran,nort3240,classification update
cent2082,Central Cordilleran,nort3240,classification update
tami1296,Tamiloid,tami1299,classification update
palu1251,Palula,west2860,classification update
bont1245,Bontok-Kankanay,bont1246,classification update
ngad1264,Ngada,ngad1267,classification update
umbu1255,Umbugarla-Ngurmbur,umbu1259,classification update
dirs1235,Dir-Swat Kohistani,dirs1236,classification update
tolo1258,Tolowa-Chetco,oreg1242,classification update
mpot1242,Mpoto-Yao,rufi1235,classification update
kami1260,Kami-Gupa,kami1261,classification update
elli1238,Ellicean,elli1239,classification update
nort3162,Northern Lushootseed-Puget,lush1251,classification update
kupa1240,Kupa-Kakanda,kami1261,classification update
bari1289,Barijian,yare1251,classification update
kash1281,Kashibo,main1279,classification update
miss1253,Mississppi Valley-Ohio Valley Siouan,core1249,classification update
bunu1264,Bunu (Hmong-Mien),hmon1337,classification update
bari1285,Bariaic,nger1240,classification update
kati1276,Katio,atra1235,classification update
core1247,Core Thura Yura,core1260,classification update
poqo1252,Poqom-Quichean,grea1276,classification update
pidg1250,Pidgin,pidg1258,classification update
alta1278,Alta,meso1254,classification update
glav1243,Glavda-Guduf,mand1472,classification update
ksin1236,Ksingmul-Pramic,phay1242,classification update
laba1240,Laba-Loloda,gale1261,classification update
nort2989,Northern Western Tucanoan,core1261,classification update
newi1241,New Ireland-Northwest Solomonic,newi1242,classification update
bium1269,Biu-Mandara A A.2 1,bura1297,classification update
nava1244,Navahaq-Nati,peri1262,classification update
mila1244,Milang (Damu),mila1245,
tang1337,Tangam,tang1377,
ngue1241,Ng|u|en,ngue1242,
jiar1239,Gyalrong,jiar1240,
nepa1252,Nepali,nepa1254,
here1254,Herero-Nkumbi-Wambo,kune1234,classification update
beli1259,Belizean Creole,beli1260,duplicate
gren1246,Grenadian Creole English,gren1247,duplicate
east2302,East Scandinavian,nort3160,classification update
sylh1243,Sylhetti,beng1280,classification update
malp1247,Mal Paharia,beng1280,classification update
sout2740,South Chinese,sini1245,classification update
east2317,Eastern Bengali,beng1280,classification update
rajb1242,Rajbanshi (Bengali),beng1280,classification update
ping1244,Pinghua,sini1245,classification update
araw1285,Arawan (Unattested),unat1236,classification update
sout3215,Southern Ju,juku1256,classification update
sign1237,Sign Languages,sign1238,classification update
uncl1433,Unclassified Core Thura-Yura,core1260,classification update
noga1251,Nogau,kxau1241,classification update
aust1308,Austronesian (Unattested),unat1236,classification update
nucl1330,Nuclear Worora,woro1255,classification update
rung1261,Rungwa-Wanda-Nyamwanga,mwik1240,classification update
pama1252,Pama-Nyungan (Unattested),unat1236,classification update
koib1245,Koibal,kama1351,classification update
picu1240,Picuris,nort1550,classification update
mboh1235,Mboh,kaya1333,classification update
choc1281,Chocoan (Unattested),unat1236,classification update
tart1242,Tartu,sout2679,classification update
uncl1445,Unclassified Barbacoan,barb1265,classification update
uncl1444,Unclassified Huitotoan,huit1251,classification update
chit1276,Chittagonian,beng1280,classification update
kaya1323,Kayan Proper,kaya1333,classification update
pala1335,Palaung-Riang,pala1352,classification update
uncl1479,Unclassified Goemaic,anga1311,classification update
uncl1471,Unclassified Bihari,biha1245,classification update
uncl1477,Unclassified Lisoid,liso1234,classification update
araw1284,Arawakan (Unattested),unat1236,classification update
loha1239,Lohari-Malpaharia,beng1280,classification update
lowl1243,Lowland-Sierra Central Totonacan,cent1397,classification update
mang1432,Mangarrayi-Maran (Unattested),unat1236,classification update
nucl1284,Nuclear Oriya,macr1269,classification update
uncl1492,Unclassified Eastern Malakula linkage,east2753,classification update
uncl1486,Unclassified Sinitic,sini1245,classification update
uncl1485,Unclassified Nasu-Gepu,nasu1237,classification update
nort2679,Northern Chong,west2394,classification update
kose1240,Kosena-Awiyaana,auya1234,classification update
kama1377,Kamassic,kama1376,classification update
lada1243,Ladakhic,lada1242,classification update
afro1256,Afro-Asiatic (Unattested),unat1236,classification update
sout2665,Southwestern Bengali,beng1280,classification update
west2782,Western,nyul1248,classification update
tran1289,Transalpine-Galatian Celtic,tgbc1234,classification update
iwai1247,Iwaidjan Proper (Unattested),unat1236,classification update
nort1553,Northern Central Totonacan,cent1397,classification update
fipa1239,Fipa-Mambwe-Lungu,mwik1240,classification update
sout2718,Southwestern Tamang,nucl1308,
aram1252,Aramanik,nand1266,
kisa1264,Kisankasa,nand1266,
gall1274,Gallo-Rhaetian,gall1280,
czec1257,Czech-Slovak,czec1260,
nucl1361,Nuclear Ngbandic,nucl1737,
tsha1243,Tshangla-East Bodish,tsha1246,
cent2056,Central-Eastern Oceanic,ocea1241,
fini1242,Finisterre-Huon,fini1244,
narr1273,Narrow Bantu N,east2731,
west2776,Western Caribbean,west2854,
zaar1252,Zaar,sout3162,
nort2737,Northern Tai,nort3189,
nort2712,Northern Loloish,lolo1265,
nucl1278,Nuclear Himachali,nucl1728,
aust1302,Austroasiatic,aust1305,
yare1247,Yareban,yare1250,
wenm1238,Wenma-Southwestern Tai,sout3184,
gaud1236,Gauda-Kamrupa,gaud1237,
benu1245,Benue-Congo Central Plateau,benu1249,
mixe1243,Mixed Language,mixe1285,
west2457,Western Ngbaka,west2836,
nasu1235,Nasu,lolo1265,
maha1293,Mahakiranti,maha1306,
remo1246,Remote Oceanic,ocea1241,
hmon1330,Hmongic,nucl1720,
bira1251,Bira-Huku (D.30),narr1281,
nort2616,Northumbrian,angl1265,
toro1254,Tor-Orya,tora1268,
west2498,Western Mande,west2780,
sora1253,Sora-Juray,sora1256,
daga1271,Dagaari,daga1276,
west2395,West Palaungic,west2791,
east2651,East Cushitic,east2699,
span1266,Spanish,cast1243,
urup1243,Urupa-Wanham,wari1269,
volt1240,Volta-Congo,volt1241,
kinn1248,Kinnauric,kinn1250,
mabu1246,Mabuan,croi1234,
mamb1300,Mambiloid,konj1251,
subg1262,Subgroup VI,tupi1276,
iran1238,Iranian,iran1269,
lalo1238,Lalo,lalo1240,
nort2771,North Volta-Congo,nort3149,
pale1253,Palei,wape1248,
west2374,Western Pahari,hima1250,
nort2792,North-Central Edoid,nort3182,
west1478,West Low German,west2793,
shin1263,Shinaic,shin1268,
quec1385,Quechua IIC,quec1389,
tibo1241,Tiboran,tibo1243,
narr1263,Narrow Bantu H,cent2260,
ibat1237,Ibatan-Ivatan,mala1535,
huns1238,Hunsr√ºckisch,west2823,
subg1260,Subgroup I,tupi1277,
weee1242,Wee,weea1234,
arap1272,Arapesh,arap1279,
cent2148,Central Tucanoan,east2698,
sout2759,South-West,pama1250,
east2437,Eastern Malayo-Polynesian,ocea1241,
akwe1238,Akweya,etul1244,
bena1261,Bena-Kinga (G.60),sout3185,
sout2901,Southern Sangiric,sout3155,
cent2099,Central Dusunic,kada1292,
muru1271,Murut,sout3154,
emua1240,Emuan,soge1234,
grea1270,Greater Bodo,sino1245,
raja1253,Raja Ampat,raja1257,
moza1248,Mozabite-Wargla,moza1250,
tlap1251,Tlapanec-Manguean,tlap1252,
moro1283,Morokodo-Mo'da,moro1293,
angl1260,Anglic,angl1265,
zigu1241,Zigula-Zaramo (G.30),ruvu1235,
macr1263,Macro-Tuscan,roma1334,
sout2615,Southern Italian,ital1287,
miju1242,Mijuic,sino1245,
sera1263,Seram,east2466,
sepi1254,Sepik Hill,sepi1258,
berb1254,Berber,berb1260,
lowe1424,Lower Ramu,lowe1439,
adam1256,Adamawa,adam1259,
cent2096,Central Lower Baram B,cent2273,
bont1243,Bontok-Kankanay,bont1245,
anga1310,Angas Proper 1,west2717,
kaja1249,Kajang,kaja1255,
band1338,Bandjalangic,band1357,
cent2075,Central Maluku,cent2254,
amer1239,Amerindian pidgin,pidg1250,
cent2010,Central-Southwestern Tai,wenm1239,
tung1283,Tungus,tung1282,
bisa1263,Bisa,bisa1262,
nort2840,Northern New Caledonian,nort3211,
nyoo1238,Nyo,nyoa1234,
huas1254,Huasteca Nahuatl,huas1257,
core1250,Core Mayan,core1254,
nucl1443,Nuclear Samogo-Soninke,nucl1721,
nung1281,Nungish,nung1293,
lolo1258,Loloish,lolo1266,
bodo1268,Bodo-Koch,bodo1279,
bang1352,Bangi-Ntomba (C.40),cent2260,
nort2615,North Sea Germanic,nort3175,
ormu1246,Ormuri-Parachi,ormu1249,
west2449,Western Nubian,west2781,
ngir1241,Ngiri,ngir1248,
chol1280,Cholan,chol1287,
male1287,Malekula Central,mala1539,
guja1251,Gujaratic,guja1256,
pano1253,Pano Nawa,pano1257,
choc1277,Chocoan,choc1280,
taly1246,Talyshic,tati1243,
thre1237,Three Rivers,thre1238,
konk1266,Konkanic,konk1270,
juku1252,Jukun-Mbembe-Wurbo,juku1258,
pama1249,Paman,pama1251,
sout2707,South Dravidian I,sout3138,
nucl1316,Nuclear Western Tani,nucl1731,
pait1246,Paitanic,pait1248,
nort1513,Northwestern Iranian,nort3177,
mala1486,Malaita,mala1542,
indi1258,Indian Ocean French Creole,macr1273,
wikk1238,Wik,wika1239,
sena1263,Sena,sena1269,
narr1275,Narrow Bantu A,narr1281,
bira1252,Bira,komo1265,
west2483,West Mbam (A.40),west2826,
west2575,West Timor-Alor-Pantar,alor1249,
kxaa1235,Kxa,kxaa1236,
sout2870,South New Ireland-Northwest Solomonic,stge1234,
kele1254,Kele (C.60),kele1261,
fren1276,French,oila1234,
arab1392,Arabic,arab1395,
semi1275,Semitic,west2786,
gela1260,Gelaoic,gela1265,
east2514,East-Central,goro1272,
mang1395,Mangbutu-Efe,mang1425,
sout2843,Southeastern Mande,sout3140,
nort2726,North Peripheral Kuki-Chin,nort3179,
lati1258,Latino-Faliscan,roma1334,
bash1266,Bashiic,mala1535,
khar1286,Kharia-Juang,sout3137,
west2758,West Semitic,west2786,
indo1307,Indo-European,indo1319,
isth1239,Isthmus Nahuatl,isth1245,
lowe1422,Lower Sepik-Ramu,lowe1437,
rhae1240,Rhaeto-Romance,gall1280,
cata1282,Catalan,sout3183,
cent1958,Central Catalan,sout3183,
dual1242,Duala (A.20),narr1281,
elem1255,Eleman,nucl1580,
east2356,Eastern Kiranti,east2719,
west2495,Western Kadugli-Krongo,kadu1256,
ethi1243,Ethiosemitic,ethi1244,
amam1244,Amami,amam1245,
sout2914,South Central Manobo,cent2088,
nort2982,Northern Nambiquaran,nort3153,
uncl1423,Unclassified Indo-Europoean,indo1319,
east2467,East Piru Bay,east2752,
east2305,Eastern Iranian,east2704,
mbum1252,Mbum-Day,mbum1256,
nyik1245,Nyika-Safwa (M.20),corr1234,
gond1264,Gondi,gond1265,
cent2095,Central Lower Baram A,cent2272,
sara1317,Saraic,sara1343,
kuta1243,Kutai,sout3190,
ngba1281,Ngbandi,nucl1737,
patp1242,Patpatar-Tolai,stge1234,
east2292,East Low German,lows1234,
east2442,East Vanuatu,nort3195,
mada1288,Madang,mada1298,
grea1273,Greater Central Philippine,grea1284,
drav1250,Dravidian,drav1251,
jose1245,Josephstaal,sout3148,
newi1240,New Ireland,meso1253,
mamb1301,Mambila-Konja,konj1251,
east2412,Eastern Beboid,east2730,
sira1265,Sira (B.40),sira1268,
sout2627,South Asian English,pidg1250,
gadd1243,Gaddangic,gadd1245,
core1248,Core Bidayuh,bida1237,
gads1257,Gadsup-Auyana-Awa,gauw1234,
hmwa1242,Hmwavekic,nort3211,
west2366,West Scandinavian,west2805,
cent2006,Central Kiranti,cent2250,
mala1476,Malayo-Polynesian,mala1535,
kuri1258,Kuria (E.10),nyan1318,
wurb1238,Wurbo,wurb1239,
kwil1236,Kwilu-Nsong,kwil1237,
maka1303,Makaa-Njem (A.80),ndze1234,
sout2862,South Southern New Caledonian,sout3189,
ngba1282,Ngbaka-Mba,ngba1291,
indo1313,Indo-Aryan Eastern zone,indo1323,
wape1247,Wapei,wape1248,
mono1272,Mono-Uruava,stge1234,
atla1268,Atlantic-Congo,volt1241,
narr1262,Narrow Bantu G,east2731,
monz1248,Monzomboic,monz1253,
east2646,East Chadic A A.2 2,east2722,
uncl1447,Unclassified Eastern Tucanoan,tuca1253,
clus1235,Cluster,sign1236,
manu1257,Manusela-Seti,east2466,
biyu1235,Biyue-Kadue,bika1252,
uncl1425,Unclassified Northwestern Iranian,west2794,
marq1244,Marquesic,cent2062,
samo1304,Samoic-Outlier,nucl1485,
ngir1246,Ngiri Terrien,ngir1250,
poto1249,Potou-Tano,poto1254,
nyul1246,Nyulnyulic,nyul1249,
nucl1601,Nuclear Trans New Guinea,nucl1709,
uncl1428,Unclassified Indo-Aryan Eastern zone,indo1321,
bant1283,Bantoid,sout3152,
oriy1253,Oriya,indo1323,
sout2643,Southwestern Iranian,sout3157,
mbum1253,Mbumic,mbum1257,
east2636,East Chadic B B.1 1,east2633,
subg1263,Subgroup VIII,tupi1276,
sout2798,South-Central Benue-Congo Plateau,sout3163,
bium1273,Biu-Mandara A A.4,nort3156,
west2569,West Buton,buto1237,
nemi1239,Nemic,nort3211,
west2455,Western Tano,west2816,
coas1291,Coastal Southwest Paman,coas1313,
matu1258,Matumbi (P.10),rufi1236,
nyor1245,Nyoro-Ganda (J.10),grea1289,
lega1247,Lega-Kalanga (D.20),narr1281,
main1278,Mainline Pano,pano1257,
yuca1251,Yucatecan-Core Mayan,yuca1255,
maya1283,Mayan,yuca1255,
guug1239,Guugu Yimidhirr,pama1250,
cent2057,Central Vanuatu,cent2269,
amdo1236,Amdo,west2796,
mber1256,Mbere (B.60),mber1262,
narr1272,Narrow Bantu K,narr1281,
benu1243,Benue-Congo,benu1247,
samo1301,Samogo,samo1309,
sout2806,Southern Bantoid,sout3152,
nyil1238,Nyilamba-Langi (F.30),east2731,
marw1255,Marwari,raja1256,
ocea1240,Oceanic,ocea1241,
indo1309,Indo-Aryan,indo1321,
boba1244,Bobangic,boba1248,
kada1280,Kadaic,kada1291,
mell1239,Mel,mela1257,
east2480,Eastern Subanon,suba1253,
mand1424,Manda (N.10),east2731,
fren1277,French Creole,macr1273,
mixe1281,Mixe-Zoque,mixe1284,
more1261,More,chap1271,
ngan1294,Ngandi-Nunggubuyu,gunw1253,
bura1275,Burate-Wate,bura1294,
sala1267,Salampasu-Ndembo (K.30),ruun1239,
naga1401,Naga Coastal Bikol,inag1234,
mirn1242,Mirning,mirn1243,
beta1250,Be-Tai,daic1237,
gall1272,Gallo-Romance,shif1234,
narr1271,Narrow Bantu J,grea1289,
mund1319,Mundari-Munda,homu1234,
narr1268,Narrow Bantu F,east2731,
hima1237,Himachali,hima1250,
bida1236,Bidayuh,bida1237,
nort2680,North Munda,kher1245,
left1241,Left Bank,kwav1236,
njeb1241,Njebi (B.50),njeb1244,
sout2733,South Peripheral Kuki-Chin,sout3160,
uppe1416,Upper Southwest Paman,uppe1456,
haya1249,Haya-Jita (J.20),grea1289,
indo1315,Indo-Aryan Northwestern zone,indo1324,
cent2147,Central Eastern Tucanoan,east2698,
west2484,Western Beboid,sout3152,
cari1282,Caribbean English Creole,cari1284,
laha1248,Lahauli-Spiti,laha1255,
siza1238,Sizangic,siza1239,
kora1288,Koraput Munda,sout3137,
taik1240,Tai-Kadai,taik1256,
tuca1251,Tucanoan,tuca1253,
west2593,Western Ok,okkk1242,
west1485,West Slavic,west2792,
mara1383,Maran,mara1414,
hote1243,Hote-Buang,sout2878,
sout2851,South Halmahera,sout2850,
west2480,Western Momo,wide1239,
lolo1257,Lolo-Burmese,lolo1265,
macr1261,Macro-Portuguese,macr1272,
grea1269,Greater Yakkha,grea1285,
akha1244,Akhaic,akha1246,
nucl1455,Nuclear Angan,anga1289,
temn1244,Temnic,atla1278,
zire1239,Zire-Tiri,sout3189,
waiw1243,Waiwaian,waiw1245,
slav1252,Slavic,slav1255,
west2522,West New Georgia,west2857,
cros1243,Cross River,benu1247,
omet1236,Ometo,omet1238,
west2467,West-Central Benue-Congo Plateau,benu1248,
pant1256,Pantar,alor1249,
daic1236,Daic,daic1237,
nucl1591,Nuclear Arapesh,arap1279,
sout2801,Southwestern Benue-Congo Plateau,benu1248,
nort2650,Northeastern Iranian,nort3176,
moun1251,Mountain Ok,moun1253,
kala1396,Kalam-Kobon,kala1404,
bodi1249,Bodic,bodi1254,
sino1244,Sino-Tibetan,sino1245,
roin1237,Roinji-Nenaya,belr1234,
enya1246,Enya (D.10),enya1248,
baba1271,Babar,baba1274,
bebo1241,Beboid,bebo1243,
mand1441,Mandayan,east2477,
benu1244,Benue-Congo Plateau,benu1248,
kuki1244,Kuki-Chin,kuki1246,
mbos1241,Mbosi (C.30),cent2260,
taro1262,Tarokoid,taro1265,
sout2775,Southern Atlantic,atla1278,
nana1256,Nanai-Ulch,orok1264,
boka1248,Bokar-Nuclear Western Tani,boka1252,
sout2852,Southeast South Halmahera,cent2270,
inla1261,Inland Bikol,inla1266,
piru1242,Piru Bay,piru1243,
nucl1308,Nuclear Tamang,nucl1729,
isum1241,Isumrud,mada1298,
sign1235,Sign Languages,sign1236,
tupi1271,Tupi-Guarani,tupi1276,
mara1384,Mara-Warndarang,mara1415,
suku1260,Sukuma-Nyamwezi (F.20),suku1274,
high1240,High German,high1286,
west2709,West Chadic B,west2790,
narr1277,Narrow Grassfields,narr1282,
gavi1249,Gaviao-Zoro-Arua,gavi1248,classification update
cent2249,Central Bodish,cent2295,classification update
bodi1255,Bodish,bodi1257,classification update
sara1343,Saraic,sara1349,classification update
bodi1254,Bodic,bodi1256,classification update
mang1427,Manggarai-Rembong-Komodo,mang1430,classification update
brah1259,Brahmaputran,brah1260,classification update
bara1402,Bara,bara1401,classification update
brok1251,Brokeh-Meyor,sino1245,classification update
uncl1465,Unclassified Sinitic,uncl1486,classification update
nucl1745,Nuclear Cordilleran,nucl1754,classification update
mala1535,Malayo-Polynesian,mala1545,classification update
gauw1234,Gauwa,gauw1235,classification update
lolo1266,Loloish,lolo1267,classification update
shin1268,Shinaic,shin1270,classification update
nort3166,North Ethiopic,ethi1244,classification update
aust1306,Austronesian,mala1545,classification update
tomb1247,Tombonuo-Dumpas,grea1293,classification update
lows1234,Low Saxon,lowg1239,classification update
gras1251,Grass,lowe1437,classification update
nucl1721,Nuclear Samogo-Soninke,samo1308,classification update
ebir1242,Ebira-Gade,nupo1239,classification update
bisa1269,Bisaya,sout3154,classification update
nupe1259,Nupe,nupe1258,classification update
nort3173,Northern Cordilleran,mala1545,classification update
duru1250,Durubal-Bandjalang,pama1250,classification update
gend1250,Gende-Isabi,goro1272,classification update
sout3199,Southeastern Oil,oila1234,classification update
sout2799,Southern Benue-Congo Plateau,jili1243,classification update
nort3054,Northeastern Berber,berb1260,classification update
utsa1240,U-Tsang,oldm1245,classification update
koiw1242,Koiwat-Boikin,nucl1642,classification update
sign1236,Sign Languages,sign1237,classification update
duru1247,Durubulic,east2770,classification update
nucl1314,Nuclear Mara,nucl1757,classification update
uncl1491,Unclassified,uncl1493,classification update
nort2681,North Aslian-Jah Hut,cent1987,classification update
yuat1250,Yuat-Maramba,yuat1252,classification update
rgya1239,Gyalrongic,rgya1241,classification update
ngeq1244,Ngeqic,taoi1247,classification update
subg1261,Subgroup III,tupi1287,classification update
west2819,West New Guinea,cend1238,classification update
laht1235,Lahta-Zayein,nort2703,classification update
vill1243,Village Sign Language,vill1244,classification update
kuku1287,Kuku,pama1253,classification update
boka1247,Bokar,boka1249,
caod1238,Tshobdun,tsho1240,
mull1246,Muller-Schwaner 'Punan',nort3253,classification update
ofai1234,Ofaie,nucl1710,classification update
maip1248,Maipure-Yavitero,nort2990,classification update
uncl1449,Unclassified Northern Maipuran,nort2990,classification update
uncl1487,Unclassified Shona (S. 10),shon1250,classification update
ngan1307,Ngando-Lalia,lomo1242,classification update
tete1253,Tetela-Hamba,tete1254,classification update
makh1267,Makhua-Nyanja (Mixed Language),lomw1242,classification update
herb1234,Herbert River,pama1250,classification update
cent2278,Central Teke,teke1283,classification update
kusu1254,Kusu-Nkutsu,nkut1239,classification update
fran1261,Franc-Comtois,fran1262,duplicate
trin1275,Trinidadian Creole English,trin1276,duplicate
nica1251,Nicaraguan Creole English,nica1252,duplicate
sran1239,Sranan,sran1240,duplicate
moli1249,Molise-SKB,west2804,classification update
nucl1291,Nuclear Palaung,west2791,classification update
toch1256,Tochoic,narr1279,classification update
uncl1459,Unclassified Dravidian,drav1251,classification update
nucl1517,Nuclear Lamboya,lamb1273,classification update
gban1257,Gbanzili,west2836,classification update
zaza1244,Zaza-Gorani,nort3177,classification update
mbum1256,Mbum-Day,nort3149,classification update
tido1249,Tidongic,suma1273,classification update
kayk1238,Kaykavski,croa1245,classification update
uncl1435,Unclassified Mbum,mbum1257,classification update
nort3176,Northeastern Iranian,iran1269,classification update
aust1309,Austronesian (Unclassifiable),uncl1493,classification update
ngga1240,Nggaro,kodi1247,classification update
adam1259,Adamawa,nort3149,classification update
adam1258,Adamawa-Ubangi,nort3149,classification update
kott1238,Kott-Assan,sout2751,classification update
core1257,Core Samoyedic,samo1298,classification update
sira1268,Sira (B.40),cent2260,classification update
uncl1457,Unclassified South Cushitic,sout3054,classification update
uncl1446,Unclassified Chapakura,chap1271,classification update
neve1234,Neve'ei-Naman,mala1539,classification update
efut1243,Efutop-Ekajuk,ejag1240,classification update
indo1330,Indo-European (Unclassifiable),uncl1493,classification update
uncl1478,Unclassified Boleic,bole1261,classification update
uncl1473,Unclassified Tharu,thar1284,classification update
uncl1476,Unclassified Tatic,tati1244,classification update
mexi1247,Mexican Sign,span1269,classification update
nupe1258,Nupe-Kupa,nupe1252,classification update
uncl1466,Unclassified Benue-Congo,benu1247,classification update
uncl1461,Unclassified Volta-Congo,volt1241,classification update
east2704,Eastern Iranian,iran1269,classification update
smal1242,Small Nambas,mala1539,classification update
sono1246,Sonoran (Unclassifiable),uncl1493,classification update
uncl1490,Unclassified Shan,shan1276,classification update
uncl1495,Unclassified Japura-Colombia,japu1236,classification update
saga1264,Sagara,tene1248,classification update
marr1239,Marridan,mari1424,classification update
uncl1483,Unclassified Ngendan,ngen1255,classification update
uncl1482,Unclassified Ngiri,ngir1248,classification update
uncl1489,Unclassified Rufijic,rufi1236,classification update
nupe1260,Nupe-Dibo,nupe1252,classification update
afro1257,Afro-Asiatic (Unclassifiable),uncl1493,classification update
nucl1718,Nuclear Waiwaian,waiw1245,classification update
laad1234,Laadic,core1256,classification update
shas1265,Shastan (Unclassifiable),uncl1493,classification update
kalk1247,Kalkatungic (Unclassifiable),uncl1493,classification update
fogn1234,Fogny-Gusilay-Banjal,bakk1238,classification update
ejag1241,Ejagham-Etung,ejag1240,classification update
nort2638,Northern Swedish,swed1254,classification update
nisu1235,Nisu-Nyisu,nisu1237,
uncl1429,Unclassified Indo-Aryan Southern zone,indo1325,
jmas1235,J-Masaba-Luyia (J.30),saam1284,
east2484,East-Malagasy Greater Barito,mala1537,
mong1335,Mongo (C.70),vieu1234,
west2642,Western Otomanguean,west2783,
fula1263,Fulani-Wolof,peul1234,
mang1412,Manguean,mang1426,
kada1281,Kadaru-Ghulfan,east2715,
oghu1242,Oghuz-Kipchak-Uyghur,oghu1246,
baag1243,Baagandji,yarl1237,
daba1259,Daba,bium1274,
cent2149,Central Maipuran,cent2226,
tibe1273,Tibeto-Kanauri,tibe1275,
midl1240,Midland Mixe,midl1241,
west2481,West Ring,west2835,
anun1235,Anung-Nusu,guno1235,
tong1319,Tongwe (F.10),mwik1240,
dogo1298,Dogon,dogo1299,
yukp1240,Yukpan,yukp1242,
mane1263,Manenkan,mane1267,
yuat1251,Yuat,yuat1250,
kann1254,Kannadoid,kann1259,
barb1264,Barbacoan,barb1265,
nort2791,Northern Jos,josa1234,
east2537,Eastern Nahuatl,east2720,
wara1291,Wara-Natioro,samu1243,
lech1240,Lechitic,lech1241,
west2511,West Santo,west2845,
misu1241,Misumalpan,misu1242,
soth1249,Sotho,soth1252,
bafi1242,Bafia (A.50),bafi1244,
yand1254,Yandang,yand1260,
nort2789,Northwestern Benue-Congo Plateau,nort3184,
bahi1253,Bahinemic,bahi1255,
lahn1240,Lahnda,lahn1241,
bain1262,Baining,bain1263,
nort3099,North Ethiopic,nort3166,
utsa1238,U-Tsang,utsa1240,
juku1253,Jukun,juku1259,
subi1245,Subia (K.50),west2834,
khas1267,Khasi-Palaung,khas1273,
hebr1244,Hebrewic,hebr1246,
nort2768,North Guang,nort3204,
burm1259,Burmo-Qiangic,burm1265,
nucl1498,Nuclear Papuan Tip,nucl1744,
west2425,Western Tani,west2797,
nort2733,Northern Chinese,nort3155,
east2483,East Greater Barito,east2713,
uncl1430,Unclassified Dravidian,uncl1459,
isna1240,Isnag-Adasen,caga1241,
geor1250,Georgian-Zan,geor1252,
neng1239,Nengee,suri1272,
manu1256,Manus,manu1262,
yape1247,Yapen,yape1249,
ghal1245,Ghale-Tamangic,ghal1247,
nupe1253,Nupe,nupe1259,
land1258,Land Dayak,land1261,
cheh1244,Chehalis,tsam1241,
lowl1262,Lowland-Midland Mixe,lowl1269,
ngir1245,Ngiri Riverain Mongala,ngir1251,
hyam1244,Hyamic,hyam1246,
tete1249,Tetela (C.80),grea1286,
paru1238,Parukotoan,paru1239,
araw1274,Arawan,araw1282,
magu1242,Magu-Kamkam-Kila,mamb1311,
pala1334,Palaungic,pala1352,
namb1298,Nambikwara Complex,namb1300,
insu1252,Insular (Celtic),insu1254,
nand1265,Nandi-Markweta,nand1267,
sout2793,Southern Central Gur,sout3164,
east2689,Eastern Arabic,east2729,
west2540,West Piru Bay,west2843,
nort2993,Northern Cham,nort3219,
sere1261,Sere-Ngbaka-Mba,sere1265,
kiku1239,Kikuyu-Kamba (E.20),cent2274,
biak1247,Biakic,biak1249,
tami1284,Tamil-Kannada,tami1291,
cent2093,Central-South,east2713,
thad1237,Thadoic,thad1239,
tair1257,Tairora,tair1259,
nucl1658,Nuclear Waiwaian,nucl1718,
coas1293,Coastal Bikol,coas1315,
narr1270,Narrow Bantu E,nort3203,
uncl1434,Unclassified Atlantic-Congo,uncl1461,
kham1287,Khambu,kham1300,
nort2794,Northern Sotho,nort3233,
trad1235,Trade Malay,vehi1234,
nang1260,Nangan Dogon,nang1263,
tupa1249,Tuparic,tupa1251,
kaik1245,Kaike-Ghale-Tamangic,ghal1247,
cent2055,Central-Western,cent2277,
biha1243,Bihari,biha1245,
tami1287,Tamil-Kodagu,tami1294,
sout2648,Southeastern Iranian,sout3156,
casp1235,Caspian,casp1236,
mund1317,Mundaic,mund1335,
keit1237,Kei-Tanimbar,keit1238,
peri1259,Peripheral Central Bisayan,peri1261,
macr1266,Macro-Tani,macr1268,
lati1237,Latin-Romance,ital1285,
choa1236,Cho-Asho,choa1238,
nucl1629,Nuclear Inland Gulf,nucl1712,
hres1235,Hre-Sedang-Todrah,hres1236,
tsha1244,Tshanglic,tsha1247,
chim1249,Chimakuan,chim1311,
buru1319,Burunge-Alagwa,west2720,
gurr1240,Gur,gura1261,
sout2803,Southwestern Benue-Congo Plateau A,ninz1247,
juku1255,Ju-Kung,juku1256,
aran1262,Arandic,aran1267,
celt1246,Celtic,nucl1715,
east2458,East Arawe,east2763,
gras1250,Grass,gras1251,
kuya1250,Kuyan,kuya1251,
quec1383,Quechuan,quec1387,
waka1273,Waka-Kabic,waka1283,
nort2779,Northwest Western Oti-Volta,nort3234,
mumu1248,Mumuye,mumu1249,
nyik1248,Nyika (E.40),nort3203,
goro1258,Gorontalic,goro1273,
ngir1243,Ngiri Riverain Ubangi,ngir1252,
libi1241,Libinzic,libi1251,
east2388,Eastern Senegal-Guinea,east2703,
bush1246,Bushong (C.90),grea1286,
zeme1239,Zemeic,zeme1241,
sant1415,Santa Isabel,sant1458,
brah1257,Brahmaputran,brah1259,
sind1269,Sindhic,sind1279,
lame1258,Lamenu-Baki,epii1237,
meks1235,Mek-Somahai,mekk1240,
cent2000,Central Bodish,cent2249,
ngir1244,Ngiri Riverain Ubangi-Ripuaire,ngir1254,
kart1245,Kartu-Nhanda,kart1249,
iban1266,Ibanagic,iban1268,
east2444,East Santo,east2754,
smal1241,Small Nambas,smal1242,
ambo1251,Ambon,ambo1254,
lend1239,Lenduic,lend1246,
kain1267,Kainji Lake,kain1276,
edoe1238,Edo-Esan-Ora,edoi1239,
mari1425,Maric,mari1445,
cari1278,Cariban,cari1283,
west2527,West Central Papuan,west2850,
lowl1261,Lowland-Midland-South Highland Mixe,lowl1268,
west2363,West Central German,fran1268,
bada1256,Badaga-Kannada,bada1263,
kaya1322,Kayanic,kaya1333,
tupu1243,Tupuri-Mundang-Mambai,tupu1245,
cent1971,Central Iran Northwestern Iranian,cent2264,
nyul1245,Nyulnyulan,nyul1248,
yamp1241,Yamphuic,loho1238,
tsou1247,Tsouic,aust1306,
raic1240,Rai Coast,raic1241,
weta1244,Wetar,weta1245,
kwan1272,Kwangwa (K.40),grea1287,
tigr1268,Tigre-Tigrinya,tigr1276,
wati1240,Wati,wati1241,
nort3134,North African Arabic,nort3191,
west2510,West New Guinea,west2819,
extr1246,Extra-Ramelaic,timo1259,
mang1428,Manggarai-Rembong,mang1431,classification update
nort3159,Northern Luzon,nort3238,classification update
nyul1249,Nyulnyulic,nyul1250,classification update
ngad1263,Ngada-Lio,ngad1266,classification update
tami1295,Tamil-Malayalam,tami1298,classification update
east2728,East Sogeram,east2767,classification update
bont1244,Bontok,bont1247,classification update
gads1259,Gadsup-Agarabi,gads1260,classification update
sout3178,South Central Sogeram,cent2257,classification update
meso1244,Meso-Cordilleran,sout3211,classification update
sout3169,Southeastern Ngwi,sout3212,classification update
kohi1246,Kohistani,kohi1251,classification update
sout2906,South-Central Cordilleran,sout3211,classification update
sini1244,Sinitic,sini1245,classification update
mink1236,Minkin-Tangkic,tang1340,classification update
sout3206,Southern Ellicean Outlier,solo1260,classification update
ahma1235,A-Hmao,chua1248,classification update
mong1347,Mongondow-Lolak,goro1257,classification update
elli1237,Ellicean,elli1239,classification update
tama1366,Tamajeq,tuar1240,classification update
soma1256,Somalic,east2653,classification update
kawa1288,Kawacha-Safeyoka,nort3145,classification update
rgya1240,RGyarong,rgya1239,classification update
zena1249,Zenati,zena1250,classification update
uncl1458,Unclassified,uncl1491,classification update
cent2295,Central Bodish,sout3217,classification update
khum1247,Khumi,pale1263,classification update
dusn1238,Dusner-Tandia,sout3229,classification update
bany1244,Banyun,bain1264,classification update
bium1268,Biu-Mandara A A.2,bura1296,classification update
tobo1252,Tobo-Kube,east2705,classification update
boka1252,Bokar-Nuclear Western Tani,west2797,classification update
iwai1245,Iwaidjic,iwai1246,classification update
tano1247,Tanoan,kiow1265,classification update
uncl1470,Unclassified Bantoid,atla1280,classification update
west2598,West-Central East New Guinea Highlands,enga1254,classification update
kaom1235,Kao-Modole,kaor1242,classification update
mixe1285,Mixed Language,mixe1287,classification update
sout2725,Southern Loloish,biso1244,classification update
raja1257,Raja Ampat,raja1255,classification update
chab1238,Japhug,japh1234,
ribu1240,Zbu,zbua1234,
situ1239,Situ,situ1238,
chin1491,Chinali-Lahul Lohar,chin1493,
yuca1255,Yucatecan-Core Mayan,maya1287,
nucl1712,Nuclear Inland Gulf of Papua,west2867,classification update
sout2812,South Mbundu (R.10),kune1234,classification update
zbut1234,Zbu-Tshobdun,jiar1240,classification update
aput1238,Aput-Bushang-Sian,aput1239,classification update
almo1241,Almora,east2777,classification update
rong1263,Rongpo-Almora,east2777,classification update
cors1240,Corso-Sardinian,sard1256,duplicate
uppe1399,Upper Silesian German,lowe1388,duplicate
afro1253,Afro-Seminole Creole,afro1254,duplicate
baja1264,Bajan,baja1265,duplicate
dalm1242,Dalmatian,dalm1243,duplicate
vinc1242,Vincentian Creole English,vinc1243,duplicate
amer1257,Amerindian pidgin (Pidgin),pidg1258,classification update
mark1253,Mark-Brandenburg,east2291,classification update
bilo1247,Biloxi-Ofo,sout2988,classification update
macr1265,Macro-Swedish,nort3160,classification update
sara1312,Saraki,beng1280,classification update
kaya1332,Kayan-Kenyah,nort3171,classification update
ungg1241,Unggumi,woro1255,classification update
nucl1331,Nuclear Pitjantjatjara,pitj1243,classification update
mulg1242,Mulgi,sout2679,classification update
rung1262,Rungwa-Pimbwe,mwik1240,classification update
east2122,Eastern Estonian,nort2674,classification update
sang1318,Sanglich,sang1316,classification update
uncl1462,Unclassified Anatolian,anat1257,classification update
east2289,Eastphalian,nort2627,classification update
indo1328,Indo-European (Speech Register),spee1234,classification update
kamm1250,Kamma So,donn1238,classification update
atla1279,Atlantic-Congo (Speech Register),spee1234,classification update
uncl1475,Unclassified Western Hindi,west2812,classification update
yank1248,Yankunytjatjara,pitj1243,classification update
bumt1239,Bumthang,bumt1238,classification update
west2381,Western Bengali,beng1280,classification update
seto1241,Seto,sout2679,classification update
cent2008,Central Chinese,sini1245,classification update
uncl1469,Unclassified Wati,wati1241,classification update
uncl1468,Unclassified Rai Coast,raic1241,classification update
east2318,Eastern Central,beng1280,classification update
pimb1239,Pimbweic,mwik1240,classification update
isla1271,Islands Estonian,nort2674,classification update
uncl1494,Unclassified Deaf Sign Language,sign1238,classification update
bruu1238,Bru,brou1236,classification update
uncl1488,Unclassified First Vernacular Hmong,firs1234,classification update
shib1237,Shibukun,bunu1267,classification update
nort2675,Northwestern Estonian,nort2674,classification update
pano1258,Panoan (Unattested),unat1236,classification update
tond1252,Tondai,bunu1267,classification update
rand1240,Randai,bunu1267,classification update
tere1280,Terena-Kinikinao-Chane,boli1260,classification update
nort3224,Northwest Coastal Malekula,peri1262,classification update
haij1241,Haijong,beng1280,classification update
axam1238,Axamb-Avok,east2753,classification update
sout2664,Southeastern Bengali,beng1280,classification update
sira1269,Sira-Punu,sang1341,classification update
toro1257,Tor-Orya (Unattested),unat1236,classification update
kama1352,Kamassian,kama1351,classification update
khar1284,Kharia Thar,beng1280,classification update
dani1284,Danic,nort3160,classification update
(1544 rows)
